{"cameraMode":{"drawMode":0,"name":"Shaded","section":"Shading Mode"},"sceneLighting":true,"audioPlay":false,"sceneViewState":{"m_AlwaysRefresh":false,"showFog":true,"showSkybox":true,"showFlares":true,"showImageEffects":true,"showParticleSystems":true,"showVisualEffectGraphs":true,"m_FxEnabled":true},"in2DMode":false,"pivot":{"x":780.248291015625,"y":329.2573547363281,"z":317.48272705078127},"rotation":{"x":-0.045976217836141589,"y":-0.38332048058509829,"z":0.019109047949314119,"w":-0.9222744703292847},"size":648.8919677734375,"orthographic":false}